--
-- PostgreSQL database dump
--

-- Dumped from database version 16.1
-- Dumped by pg_dump version 16.1

SET statement_timeout = 0;
SET lock_timeout = 0;
SET idle_in_transaction_session_timeout = 0;
SET client_encoding = 'UTF8';
SET standard_conforming_strings = on;
SELECT pg_catalog.set_config('search_path', '', false);
SET check_function_bodies = false;
SET xmloption = content;
SET client_min_messages = warning;
SET row_security = off;

SET default_tablespace = '';

SET default_table_access_method = heap;

--
-- Name: customer; Type: TABLE; Schema: public; Owner: postgres
--

CREATE TABLE public.customer (
    cid integer NOT NULL,
    cname text NOT NULL,
    cage integer NOT NULL,
    c_email text NOT NULL,
    c_mobile character varying(15) NOT NULL,
    eid integer NOT NULL,
    data_id integer NOT NULL
);


ALTER TABLE public.customer OWNER TO postgres;

--
-- Name: dataplan; Type: TABLE; Schema: public; Owner: postgres
--

CREATE TABLE public.dataplan (
    data_id integer NOT NULL,
    data_size text NOT NULL,
    data_duration integer NOT NULL,
    data_price integer NOT NULL
);


ALTER TABLE public.dataplan OWNER TO postgres;

--
-- Name: department; Type: TABLE; Schema: public; Owner: postgres
--

CREATE TABLE public.department (
    dept_managerid integer NOT NULL,
    dno integer NOT NULL,
    dname text NOT NULL,
    dlocation text NOT NULL,
    pno integer NOT NULL
);


ALTER TABLE public.department OWNER TO postgres;

--
-- Name: employees; Type: TABLE; Schema: public; Owner: postgres
--

CREATE TABLE public.employees (
    eid integer NOT NULL,
    ename text NOT NULL,
    dno integer NOT NULL,
    esal real NOT NULL,
    age integer NOT NULL,
    phone character varying(15) NOT NULL
);


ALTER TABLE public.employees OWNER TO postgres;

--
-- Name: project; Type: TABLE; Schema: public; Owner: postgres
--

CREATE TABLE public.project (
    pno integer NOT NULL,
    pname text NOT NULL,
    pduration text NOT NULL,
    project_managerid integer NOT NULL
);


ALTER TABLE public.project OWNER TO postgres;

--
-- Data for Name: customer; Type: TABLE DATA; Schema: public; Owner: postgres
--

COPY public.customer (cid, cname, cage, c_email, c_mobile, eid, data_id) FROM stdin;
110	Musta Karim	35	m_karim@gmail.com	08055089112	102	5
111	Lilian Jaiya	43	l_jaiye@gmail.com	08055185341	100	3
112	Arthur Musa	50	a_musa@gmail.com	07055282813	107	10
113	Philip Akonjo	41	p_akonjo@gmail.com	09052356772	100	2
114	Marylene Mapa	33	m_mapa@gmail.com	08053333551	120	5
115	Oghenero Agor	50	o_agor@gmail.com	07055566774	117	11
116	Adams Bree	33	a_bree@gmail.com	08056765424	102	1
117	Okafor Mathias	45	o_mathias@gmail.com	08056763367	120	10
118	Samson Adeleke	65	s_adeleke@gmail.com	07056774423	117	11
119	Lawal Tamire	35	l_tamire@gmail.com	09052111101	107	5
120	James Job	44	j_job@gmail.com	08059693919	100	8
121	Matthew Jakande	21	m_jakande@gmail.com	07051232144	120	2
122	Jimila Adegboye	20	j_adegboye@gmail.com	08054921923	107	5
\.


--
-- Data for Name: dataplan; Type: TABLE DATA; Schema: public; Owner: postgres
--

COPY public.dataplan (data_id, data_size, data_duration, data_price) FROM stdin;
1	350MB	2	200
2	1.8GB	14	500
3	3.9GB	30	1000
4	7.5GB	30	1500
5	9.2GB	30	2000
6	10.8GB	30	2500
7	14GB	30	3000
8	18GB	30	4000
9	24GB	30	5000
10	29.9GB	30	8000
11	50GB	30	10000
\.


--
-- Data for Name: department; Type: TABLE DATA; Schema: public; Owner: postgres
--

COPY public.department (dept_managerid, dno, dname, dlocation, pno) FROM stdin;
108	1	administration	ikeja	44
101	2	account	egbeda	11
100	3	packing	ajah	44
120	4	research	vi	33
97	5	account	magodo	22
122	6	operations	mile 2	44
107	7	packaging	ketu	55
\.


--
-- Data for Name: employees; Type: TABLE DATA; Schema: public; Owner: postgres
--

COPY public.employees (eid, ename, dno, esal, age, phone) FROM stdin;
101	alade joy	2	250000	33	08029487391
100	Mustapha Ali	3	175000	32	08063285831
107	Alokwe Martin	7	380000	48	07090082812
97	Dankade Aminat	5	550000	40	09023688832
108	Josiah Joshua	1	120000	30	08053189131
102	Makinde Mary	2	450000	55	09023487830
120	Adeleke Jane	4	200000	38	07061045862
122	Osahon Mark	6	320000	44	08023284638
117	Suleman Ajayi	3	800000	50	07030089811
104	Kuti Lawal	1	750000	35	09145689842
\.


--
-- Data for Name: project; Type: TABLE DATA; Schema: public; Owner: postgres
--

COPY public.project (pno, pname, pduration, project_managerid) FROM stdin;
11	A	9 Months	102
22	B	14 Months	97
33	C	16 Months	120
44	D	25 Months	108
55	E	9 Months	107
\.


--
-- Name: customer customer_pkey; Type: CONSTRAINT; Schema: public; Owner: postgres
--

ALTER TABLE ONLY public.customer
    ADD CONSTRAINT customer_pkey PRIMARY KEY (cid);


--
-- Name: dataplan dataplan_pkey; Type: CONSTRAINT; Schema: public; Owner: postgres
--

ALTER TABLE ONLY public.dataplan
    ADD CONSTRAINT dataplan_pkey PRIMARY KEY (data_id);


--
-- Name: department department_pkey; Type: CONSTRAINT; Schema: public; Owner: postgres
--

ALTER TABLE ONLY public.department
    ADD CONSTRAINT department_pkey PRIMARY KEY (dno);


--
-- Name: employees employees_pkey; Type: CONSTRAINT; Schema: public; Owner: postgres
--

ALTER TABLE ONLY public.employees
    ADD CONSTRAINT employees_pkey PRIMARY KEY (eid);


--
-- Name: project project_pkey; Type: CONSTRAINT; Schema: public; Owner: postgres
--

ALTER TABLE ONLY public.project
    ADD CONSTRAINT project_pkey PRIMARY KEY (pno);


--
-- PostgreSQL database dump complete
--

